id,label,node_type,zbetween_central,zdeg_central,zpagerank
365,The Astrophysical Journal,Journal,0.857142857143,0.714285714286,0.377652409946
366,The Astronomical Journal,Journal,0.0,0.285714285714,0.286721168569
370,Geochimica et Cosmochimica Acta,Journal,0.0,0.142857142857,0.0515381610916
374,Monthly Notices of the Royal Astronomical Society,Journal,0.0,0.142857142857,0.0425872543837
375,,Journal,0.0,0.285714285714,0.0468807246077
377,Publications of the Astronomical Society of the Pacific,Journal,0.0,0.142857142857,0.0333409917403
378,Nature,Journal,0.285714285714,0.285714285714,0.0841310087033
379,Annual Review of Astronomy and Astrophysics,Journal,0.285714285714,0.285714285714,0.0771482809579
